{"Albania":131.19013351,"Algeria":2079.55,"Angola":1141.97,"ATG":11.76348888,"Argentina":4705.33,"Armenia":99.10387657,"Australia":15206.1,"Austria":3996.49,"Azerbaijan":687.2693899,"Bahamas":81.49004,"Bangladesh":1156.1,"Belarus":632.67029437,"Belgium":4837.09,"Benin":75.57286829,"Bhutan":17.79561112,"Bolivia":270.3511013,"Bosnia and Herz.":170.4758242,"Botswana":144.10980239,"Brazil":22526.6,"Brunei":169.53952625,"Bulgaria":510.30463617,"Burkina Faso":104.41012681,"Burundi":24.71954069,"Cambodia":140.61796429,"Cameroon":249.83980484,"Canada":18214.2,"CPV":18.97350475,"CSS":649.61845884,"Central African Rep.":21.38965636,"Chad":110.18023538,"Chile":2681.88,"China":83583.6,"Colombia":3697.89,"COM":5.959003535,"ZAR":178.6971821,"Congo":136.77928884,"Costa Rica":451.5272022,"C?te d'Ivoire":246.80372724,"Croatia":564.41607483,"Cyprus":229.8096064,"Czech Rep.":1956.57,"Denmark":3142.42,"DMA":4.796388203,"Dominican Rep.":589.51239186,"Ecuador":840.39856,"Egypt":2572.86,"El Salvador":238.644,"Eq. Guinea":176.97394251,"Eritrea":30.91837398,"Estonia":218.54197101,"Ethiopia":431.330731,"ECA":18629.7,"Fiji":38.81890698,"Finland":2500.24,"France":26128.8,"Gabon":186.61104043,"Gambia":9.17292053,"Georgia":158.29225459,"Germany":33995.9,"Ghana":407.10781539,"Greece":2490.99,"GRD":7.895424043999999,"Guatemala":505.44684808,"Guinea":67.67919333,"Guinea-Bissau":8.974082143,"Guyana":28.50572407,"Haiti":78.43484458,"HPC":5099.93,"NOC":51013.5,"Honduras":185.28362334,"HKG":2632.59,"Hungary":1255.08,"Iceland":136.5653288,"India":18417.2,"Indonesia":8781.93,"Iraq":2102.8,"Ireland":2103.31,"Italy":20132.6,"Jamaica":148.39858411,"Japan":59597.2,"Jordan":312.43324,"Kazakhstan":2004.85,"Kenya":373.38072592,"KIR":1.7570925659999999,"Korea":11296,"KSV":62.37563675,"Kyrgyzstan":64.73175648,"Lao PDR":92.98926552,"LCN":58236.3,"LAC":53431.5,"Latvia":283.24131627,"LDC":7033.54,"Lebanon":429.45273632,"Lesotho":24.47573299,"Liberia":17.67121781,"Lithuania":420.86555101,"LIC":5010.01,"LMC":48101.9,"Luxembourg":571.17125225,"MAC":435.82271462,"Macedonia":96.1736488,"Madagascar":99.75124872,"Malawi":42.63794984,"Malaysia":3035.26,"MDV":22.2242933,"Mali":103.08146676,"MLT":87.21923077,"MHL":1.869012,"Mauritania":41.99051817,"MUS":104.92013574,"Mexico":11779.6,"FSM":3.272,"Moldova":72.54113625,"Mongolia":102.71393281,"MNE":42.31452,"Morocco":959.81572517,"Mozambique":145.8770935,"Namibia":130.72278943,"Nepal":194.14664133,"Netherlands":7722.27,"New Zealand":1673.47,"Nicaragua":105.07356838,"Niger":65.68231896,"Nigeria":2626.06,"Norway":4996.67,"OSS":968.85992342,"PSS":77.79405014,"Pakistan":2311.82,"PLW":2.2841573530000003,"Panama":362.525,"Papua New Guinea":156.53921367,"Paraguay":255.02060502,"Peru":1969.61,"Philippines":2501.82,"Poland":4897.95,"Portugal":2124.54,"Puerto Rico":1014.96,"ROM":1693.96,"Russia":20147.8,"Rwanda":71.03000861,"WSM":6.770413507000001,"STP":2.637290265,"Saudi Arabia":7110.5,"Senegal":141.59758386,"SRB":374.8893501,"SYC":10.32178034,"Sierra Leone":37.96030045,"SGP":2747.01,"Slovakia":916.04615385,"Slovenia":452.80384615,"SST":1695.22,"Solomon Is.":10.08424232,"South Africa":3843.13,"SAS":22893.3,"SSD":93.37312682,"Spain":13493.5,"Sri Lanka":594.21426075,"KNA":7.484925719,"LCA":11.86225298,"VCT":7.125890743999999,"SSF":13059.9,"SSA":12882.2,"Sudan":587.68800833,"Suriname":47.3818182,"Swaziland":37.46506333,"Sweden":5257.42,"Switzerland":6321.94,"Syria":736.72408036,"Tajikistan":69.86537406,"Tanzania":282.48844763,"Thailand":3659.66,"TMP":12.927,"Togo":38.1383465,"TON":4.715912443,"Trinidad and Tobago":239.85710493,"Tunisia":456.62043358,"Turkey":7892.57,"Turkmenistan":336.78947368,"TUV":0.3687458069,"Uganda":198.81412441,"Ukraine":1763.1,"United Kingdom":24351.7,"United States":156848,"Uruguay":490.5970518,"Uzbekistan":511.12745669,"Vanuatu":7.853567165,"Venezuela":3812.86,"Vietnam":1416.69,"Yemen":356.45823132,"Zambia":206.78025802,"Zimbabwe":108.13914265}
